,New York City,Philadelphia,Pittsburgh,Milwaukee
Business Economics,X,,X,X
Leadership and Human Resource Management,X,X,X,X
Business Management,X,X,X,X
Marketing,,,X,X
Information Systems,X,X,X,X
Accounting,,X,X,X
Business Administration,X,X,,X
Economics,X,,,
Entrepreneurship,X,,,
Finance,X,X,X,X
Data Analytics,X,X,,
Sports Management,X,,,
Computer Information Systems,,,,
Human Resources,X,X,X,X
Organizational Management,,,,
Information Systems Management,,,,
Marketing Management,X,X,X,X
Logistics and Finance Management,X,X,X,X
Computational Finance,,,,
Data Science,X,X,X,X
Cybersecurity,X,,,
Entertainment Management,X,X,,
Project and Supply Chain Management,X,X,X,X
Business Communication,,,,
,,,,
,,,,
,,,,
,,,,
,,,,
,,,,